{"cameraMode":{"drawMode":0,"name":"Shaded","section":"Shading Mode"},"sceneLighting":false,"audioPlay":false,"sceneViewState":{"m_AlwaysRefresh":false,"showFog":true,"showSkybox":false,"showFlares":true,"showImageEffects":true,"showParticleSystems":true,"showVisualEffectGraphs":true,"m_FxEnabled":true},"in2DMode":false,"pivot":{"x":0.000006388872861862183,"y":0.032300613820552829,"z":-0.0031015947461128237},"rotation":{"x":0.041759081184864047,"y":0.9019320011138916,"z":-0.08958414942026138,"w":0.4204263687133789},"size":0.39399129152297976,"orthographic":false}